{"files":{"adinfo_pb-438ad7d57643432f9f4778d3e529cc1f195a844938e8b4b81c85832b5f720900.png":{"logical_path":"adinfo_pb.png","mtime":"2016-04-15T12:59:50-06:00","size":3417,"digest":"438ad7d57643432f9f4778d3e529cc1f195a844938e8b4b81c85832b5f720900","integrity":"sha256-Q4rX1XZDQy+fR3jT5SnMHxlahEk46LS4HIWDK19yCQA="},"adinfo_pbs-fa502f556e1c4a2a3d479ea6babbd3f9b0c9ac92b5821d9f5fb8f61cc24195bc.png":{"logical_path":"adinfo_pbs.png","mtime":"2016-04-15T12:59:50-06:00","size":3724,"digest":"fa502f556e1c4a2a3d479ea6babbd3f9b0c9ac92b5821d9f5fb8f61cc24195bc","integrity":"sha256-+lAvVW4cSio9R56murvT+bDJrJK1gh2fX7j2HMJBlbw="},"adpreview_pb-cb6f9b92b2513ad01f189cce2e8a1e1b969d55fa9ad471c9e36db3847b8f76dc.png":{"logical_path":"adpreview_pb.png","mtime":"2016-04-15T12:59:50-06:00","size":3347,"digest":"cb6f9b92b2513ad01f189cce2e8a1e1b969d55fa9ad471c9e36db3847b8f76dc","integrity":"sha256-y2+bkrJROtAfGJzOLooeG5adVfqa1HHJ422zhHuPdtw="},"adpreview_pbs-c8a630f8e1f9f798a13b10d9485dda4c05bb26ad79e0a857719ead0b4760fa2a.png":{"logical_path":"adpreview_pbs.png","mtime":"2016-04-15T12:59:50-06:00","size":3553,"digest":"c8a630f8e1f9f798a13b10d9485dda4c05bb26ad79e0a857719ead0b4760fa2a","integrity":"sha256-yKYw+OH595ihOxDZSF3aTAW7Jq154KhXcZ6tC0dg+io="},"adtype_pb-53b96ef85039381cd7d0b15eb7630eacf257a060bc0bd246df66978e098ce373.png":{"logical_path":"adtype_pb.png","mtime":"2016-04-15T12:59:50-06:00","size":3406,"digest":"53b96ef85039381cd7d0b15eb7630eacf257a060bc0bd246df66978e098ce373","integrity":"sha256-U7lu+FA5OBzX0LFet2MOrPJXoGC8C9JG32aXjgmM43M="},"adtype_pbs-4467b79066d31b6d3669f1acc2d9c5309c2be44e3312ce0c556c7aaec3917e66.png":{"logical_path":"adtype_pbs.png","mtime":"2016-04-15T12:59:50-06:00","size":3630,"digest":"4467b79066d31b6d3669f1acc2d9c5309c2be44e3312ce0c556c7aaec3917e66","integrity":"sha256-RGe3kGbTG202afGswtnFMJwr5E4zEs4MVWx6rsORfmY="},"bring_to_front-a8499d8d51b6d8145baf0bc05f4ea61c35d0bc46951fbb52a30ae72c50b1c425.png":{"logical_path":"bring_to_front.png","mtime":"2016-04-15T12:59:50-06:00","size":3451,"digest":"a8499d8d51b6d8145baf0bc05f4ea61c35d0bc46951fbb52a30ae72c50b1c425","integrity":"sha256-qEmdjVG22BRbrwvAX06mHDXQvEaVH7tSowrnLFCxxCU="},"btn-align-center-off-e07bbcdaf37704a0f2e12597ff02bed296754cbeec0667a6a910cb4bf116ec9c.png":{"logical_path":"btn-align-center-off.png","mtime":"2016-04-15T12:59:50-06:00","size":2890,"digest":"e07bbcdaf37704a0f2e12597ff02bed296754cbeec0667a6a910cb4bf116ec9c","integrity":"sha256-4Hu82vN3BKDy4SWX/wK+0pZ1TL7sBmemqRDLS/EW7Jw="},"btn-align-left-off-1677d90aa146ee43aacb8554d0f1d929eb0f65569b5141dad6db5f5645fa6ac4.png":{"logical_path":"btn-align-left-off.png","mtime":"2016-04-15T12:59:50-06:00","size":2885,"digest":"1677d90aa146ee43aacb8554d0f1d929eb0f65569b5141dad6db5f5645fa6ac4","integrity":"sha256-FnfZCqFG7kOqy4VU0PHZKesPZVabUUHa1ttfVkX6asQ="},"btn-align-right-off-2ace44b3a60c5f87ebc9bf7e445e0c551db3e6873fb29742dc2ec77d4639a2e0.png":{"logical_path":"btn-align-right-off.png","mtime":"2016-04-15T12:59:50-06:00","size":2879,"digest":"2ace44b3a60c5f87ebc9bf7e445e0c551db3e6873fb29742dc2ec77d4639a2e0","integrity":"sha256-Ks5Es6YMX4fryb9+RF4MVR2z5oc/spdC3C7HfUY5ouA="},"btn-bold-off-f6eceb721dbcbc29ce5abc63ac424ebbc6ee4d8bbbc315323277e3d970912983.png":{"logical_path":"btn-bold-off.png","mtime":"2016-04-15T12:59:50-06:00","size":3051,"digest":"f6eceb721dbcbc29ce5abc63ac424ebbc6ee4d8bbbc315323277e3d970912983","integrity":"sha256-9uzrch28vCnOWrxjrEJOu8buTYu7wxUyMnfj2XCRKYM="},"btn-italic-off-cf2b289473ad9104f30087fb923fa97b198b1fd8ff533938bcb434a383db3510.png":{"logical_path":"btn-italic-off.png","mtime":"2016-04-15T12:59:50-06:00","size":2919,"digest":"cf2b289473ad9104f30087fb923fa97b198b1fd8ff533938bcb434a383db3510","integrity":"sha256-zysolHOtkQTzAIf7kj+pexmLH9j/Uzk4vLQ0o4PbNRA="},"btn-underline-off-7d601ffa087ef5c12f7362c9581b5186a82bd1fe5e6b34519b91999bfb354e2a.png":{"logical_path":"btn-underline-off.png","mtime":"2016-04-15T12:59:50-06:00","size":3000,"digest":"7d601ffa087ef5c12f7362c9581b5186a82bd1fe5e6b34519b91999bfb354e2a","integrity":"sha256-fWAf+gh+9cEvc2LJWBtRhqgr0f5eazRRm5GZm/s1Tio="},"car_default-4d3ef56af4e5852c904f1745ec54b46f630bd965bc67794d335526eaee46cf6e.png":{"logical_path":"car_default.png","mtime":"2016-04-15T12:59:50-06:00","size":1620,"digest":"4d3ef56af4e5852c904f1745ec54b46f630bd965bc67794d335526eaee46cf6e","integrity":"sha256-TT71avTlhSyQTxdF7FS0b2ML2WW8Z3lNM1Um6u5Gz24="},"check-ff1332cf7a508504a624fbab25e9f6314679c3d31aede1fab2cc024b24674f94.png":{"logical_path":"check.png","mtime":"2016-04-15T12:59:50-06:00","size":3653,"digest":"ff1332cf7a508504a624fbab25e9f6314679c3d31aede1fab2cc024b24674f94","integrity":"sha256-/xMyz3pQhQSmJPurJen2MUZ5w9Ma7eH6sswCSyRnT5Q="},"chk-login-31f30c2f6dceafe3aecb91c9cd0b85069083888dd7e67cafe81e02485eb0f307.png":{"logical_path":"chk-login.png","mtime":"2016-04-15T12:59:50-06:00","size":2932,"digest":"31f30c2f6dceafe3aecb91c9cd0b85069083888dd7e67cafe81e02485eb0f307","integrity":"sha256-MfMML23Or+Ouy5HJzQuFBpCDiI3X5nyv6B4CSF6w8wc="},"chk-login_checked-e3ae26faf714f5bac42396ec4ae5e7b6699bf3b29666f962acce2404e6a1013e.png":{"logical_path":"chk-login_checked.png","mtime":"2016-04-15T12:59:50-06:00","size":3151,"digest":"e3ae26faf714f5bac42396ec4ae5e7b6699bf3b29666f962acce2404e6a1013e","integrity":"sha256-464m+vcU9brEI5bsSuXntmmb87KWZvlirM4kBOahAT4="},"chosen-sprite-dark-8ebe31a654d6880a72f2151a6d22d66532a00a73f5f85ea7a61d6b5ee15db1fd.png":{"logical_path":"chosen-sprite-dark.png","mtime":"2016-04-15T12:59:50-06:00","size":3606,"digest":"8ebe31a654d6880a72f2151a6d22d66532a00a73f5f85ea7a61d6b5ee15db1fd","integrity":"sha256-jr4xplTWiApy8hUabSLWZTKgCnP1+F6nph1rXuFdsf0="},"chosen-sprite-8aa69ee6b2376505578d758bfbbc52aec88fa5e591f1a7cabd8adfa80a7b613a.png":{"logical_path":"chosen-sprite.png","mtime":"2016-04-15T12:59:50-06:00","size":538,"digest":"8aa69ee6b2376505578d758bfbbc52aec88fa5e591f1a7cabd8adfa80a7b613a","integrity":"sha256-iqae5rI3ZQVXjXWL+7xSrsiPpeWR8afKvYrfqAp7YTo="},"chosen-sprite@2x-1e349b80fba8c23b63656925fda8dfe3c5927b5d0d8a1672143416caacf460fb.png":{"logical_path":"chosen-sprite@2x.png","mtime":"2016-04-15T12:59:50-06:00","size":738,"digest":"1e349b80fba8c23b63656925fda8dfe3c5927b5d0d8a1672143416caacf460fb","integrity":"sha256-HjSbgPuowjtjZWkl/ajf48WSe10NihZyFDQWyqz0YPs="},"close-btn-5e3930e33978aad57522232b1441410b9bed3f0e0c01706e0ca8c474db1bca05.png":{"logical_path":"close-btn.png","mtime":"2016-04-15T12:59:50-06:00","size":2943,"digest":"5e3930e33978aad57522232b1441410b9bed3f0e0c01706e0ca8c474db1bca05","integrity":"sha256-Xjkw4zl4qtV1IiMrFEFBC5vtPw4MAXBuDKjEdNsbygU="},"download_ads-8e96f2d52d366534c8d3b4201f3522eca4151629fb35e882807de9283ddeaa6d.png":{"logical_path":"download_ads.png","mtime":"2016-04-15T12:59:50-06:00","size":4600,"digest":"8e96f2d52d366534c8d3b4201f3522eca4151629fb35e882807de9283ddeaa6d","integrity":"sha256-jpby1S02ZTTI07QgHzUi7KQVFin7NeiCgH3pKD3eqm0="},"l2t_white_logo-d5c6bb4d3b71519b4961e52f49134fba5510bddf6b4b2707a9db9feed7681a8d.png":{"logical_path":"l2t_white_logo.png","mtime":"2016-04-15T12:59:50-06:00","size":6950,"digest":"d5c6bb4d3b71519b4961e52f49134fba5510bddf6b4b2707a9db9feed7681a8d","integrity":"sha256-1ca7TTtxUZtJYeUvSRNPulUQvd9rSycHqduf7tdoGo0="},"left_arrow-71d1aa705ef3cd043e3d87129a07b0ae998efa82cacd8b5ab5e6c29ce3a64cdb.png":{"logical_path":"left_arrow.png","mtime":"2016-04-15T12:59:50-06:00","size":3992,"digest":"71d1aa705ef3cd043e3d87129a07b0ae998efa82cacd8b5ab5e6c29ce3a64cdb","integrity":"sha256-cdGqcF7zzQQ+PYcSmgewrpmO+oLKzYtatebCnOOmTNs="},"left_small_arrow-8408a467d5f051cc10c6f836b1134fe70abf7ea29cf5246ad4bd3a7b1cc74b4c.png":{"logical_path":"left_small_arrow.png","mtime":"2016-04-15T12:59:50-06:00","size":3033,"digest":"8408a467d5f051cc10c6f836b1134fe70abf7ea29cf5246ad4bd3a7b1cc74b4c","integrity":"sha256-hAikZ9XwUcwQxvg2sRNP5wq/fqKc9SRq1L06exzHS0w="},"left_small_arrowHover-932c33a90cbc48a4cb10ac9ea3e974bd27cb5b0b786eb747146d99e5d8dc222a.png":{"logical_path":"left_small_arrowHover.png","mtime":"2016-04-15T12:59:50-06:00","size":3039,"digest":"932c33a90cbc48a4cb10ac9ea3e974bd27cb5b0b786eb747146d99e5d8dc222a","integrity":"sha256-kywzqQy8SKTLEKyeo+l0vSfLWwt4brdHFG2Z5djcIio="},"loading-47a5e5572c2104d36823333d6b124e50ded968eb3ac18ee3af2ed64819266f54.GIF":{"logical_path":"loading.GIF","mtime":"2016-04-15T12:59:50-06:00","size":10021,"digest":"47a5e5572c2104d36823333d6b124e50ded968eb3ac18ee3af2ed64819266f54","integrity":"sha256-R6XlVywhBNNoIzM9axJOUN7ZaOs6wY7jry7WSBkmb1Q="},"map_logo-e5fbf04505a2e7db86104a11bb9ae139f8fd26aa03a98ab9878890d6e743e91a.png":{"logical_path":"map_logo.png","mtime":"2016-04-15T12:59:50-06:00","size":6015,"digest":"e5fbf04505a2e7db86104a11bb9ae139f8fd26aa03a98ab9878890d6e743e91a","integrity":"sha256-5fvwRQWi59uGEEoRu5rhOfj9JqoDqYq5h4iQ1udD6Ro="},"minus_edit-panel-1cfa14c3e816b96e3a2b6ce2454e819669e1144fabc29137ec753ec6c033b9db.png":{"logical_path":"minus_edit-panel.png","mtime":"2016-04-15T12:59:50-06:00","size":3328,"digest":"1cfa14c3e816b96e3a2b6ce2454e819669e1144fabc29137ec753ec6c033b9db","integrity":"sha256-HPoUw+gWuW46K2ziRU6BlmnhFE+rwpE37HU+xsAzuds="},"move_backward-1408cec4b1952e793cb655532acf6f685abaa5b0f78a791386400be2c04cddaf.png":{"logical_path":"move_backward.png","mtime":"2016-04-15T12:59:50-06:00","size":3574,"digest":"1408cec4b1952e793cb655532acf6f685abaa5b0f78a791386400be2c04cddaf","integrity":"sha256-FAjOxLGVLnk8tlVTKs9vaFq6pbD3inkThkAL4sBM3a8="},"move_forward-a9b114c545082aa0147eb3fe6c3e566dedfdaa52e13c1775a469600df4c443ac.png":{"logical_path":"move_forward.png","mtime":"2016-04-15T12:59:50-06:00","size":3561,"digest":"a9b114c545082aa0147eb3fe6c3e566dedfdaa52e13c1775a469600df4c443ac","integrity":"sha256-qbEUxUUIKqAUfrP+bD5Wbe39qlLhPBd1pGlgDfTEQ6w="},"nudge-ui-26667d57a337cdfd370a8ebb4982c139d426c811c24d0fdb40420126257c6d0a.png":{"logical_path":"nudge-ui.png","mtime":"2016-04-15T12:59:50-06:00","size":4712,"digest":"26667d57a337cdfd370a8ebb4982c139d426c811c24d0fdb40420126257c6d0a","integrity":"sha256-JmZ9V6M3zf03Co67SYLBOdQmyBHCTQ/bQEIBJiV8bQo="},"nudget_arrows_sprite-1bd2b4d8fdb6a36c55658ec3909dde2f00820a66ee1bf13d0b9fc10b818f0ab9.png":{"logical_path":"nudget_arrows_sprite.png","mtime":"2016-04-15T12:59:50-06:00","size":3322,"digest":"1bd2b4d8fdb6a36c55658ec3909dde2f00820a66ee1bf13d0b9fc10b818f0ab9","integrity":"sha256-G9K02P22o2xVZY7DkJ3eLwCCCmbuG/E9C5/BC4GPCrk="},"pixel-afe566ced00295aed32a613ba3033064e40636a2ba871c115f9529f20ae3535e.png":{"logical_path":"pixel.png","mtime":"2016-04-15T12:59:50-06:00","size":141,"digest":"afe566ced00295aed32a613ba3033064e40636a2ba871c115f9529f20ae3535e","integrity":"sha256-r+VmztACla7TKmE7owMwZOQGNqK6hxwRX5Up8grjU14="},"play-button-265e3c8b13d1a116a7a8c1d3f298015cc945d16444ca1777eea06d79205dde71.png":{"logical_path":"play-button.png","mtime":"2016-04-15T12:59:50-06:00","size":3778,"digest":"265e3c8b13d1a116a7a8c1d3f298015cc945d16444ca1777eea06d79205dde71","integrity":"sha256-Jl48ixPRoRanqMHT8pgBXMlF0WREyhd37qBteSBd3nE="},"plus_edit-panel-159c285e5ba13b5dc91cefca757fe0d70e8abacc0a518099cf8dc8ca99527c19.png":{"logical_path":"plus_edit-panel.png","mtime":"2016-04-15T12:59:50-06:00","size":3505,"digest":"159c285e5ba13b5dc91cefca757fe0d70e8abacc0a518099cf8dc8ca99527c19","integrity":"sha256-FZwoXluhO13JHO/KdX/g1w6KuswKUYCZz43IyplSfBk="},"print_ads-014fd57834750b6e434d95cdf86ead6d7710b92547721a2fe1552fc8672272ea.png":{"logical_path":"print_ads.png","mtime":"2016-04-15T12:59:50-06:00","size":3757,"digest":"014fd57834750b6e434d95cdf86ead6d7710b92547721a2fe1552fc8672272ea","integrity":"sha256-AU/VeDR1C25DTZXN+G6tbXcQuSVHchov4VUvyGcicuo="},"publish_pb-8ae9ff01f31d3daecc534b51833d5c635a43418e6f1f916e85259b6e4251a0bd.png":{"logical_path":"publish_pb.png","mtime":"2016-04-15T12:59:50-06:00","size":3544,"digest":"8ae9ff01f31d3daecc534b51833d5c635a43418e6f1f916e85259b6e4251a0bd","integrity":"sha256-iun/AfMdPa7MU0tRgz1cY1pDQY5vH5FuhSWbbkJRoL0="},"publish_pbs-00398f9248d8b1ab7235e2d9c260d48120b412dde638f04e166332a409db1efe.png":{"logical_path":"publish_pbs.png","mtime":"2016-04-15T12:59:50-06:00","size":3934,"digest":"00398f9248d8b1ab7235e2d9c260d48120b412dde638f04e166332a409db1efe","integrity":"sha256-ADmPkkjYsatyNeLZwmDUgSC0Et3mOPBOFmMypAnbHv4="},"refresh-btn-f78a7d63b76961705a3e20a64cd1a0489572d776083b9e0b499defd1c156689f.png":{"logical_path":"refresh-btn.png","mtime":"2016-04-15T12:59:50-06:00","size":2201,"digest":"f78a7d63b76961705a3e20a64cd1a0489572d776083b9e0b499defd1c156689f","integrity":"sha256-94p9Y7dpYXBaPiCmTNGgSJVy13YIO54LSZ3v0cFWaJ8="},"right_arrow-3a2b5be275d463f9d1da8cc4f3eec98c097928c0597b4c0b982df2ecc196e94a.png":{"logical_path":"right_arrow.png","mtime":"2016-04-15T12:59:50-06:00","size":4013,"digest":"3a2b5be275d463f9d1da8cc4f3eec98c097928c0597b4c0b982df2ecc196e94a","integrity":"sha256-Oitb4nXUY/nR2ozE8+7JjAl5KMBZe0wLmC3y7MGW6Uo="},"right_small_arrow-4a0983c07325cd9c03791aea1df859024045012fd77a8dd93a41cf150075802f.png":{"logical_path":"right_small_arrow.png","mtime":"2016-04-15T12:59:50-06:00","size":3030,"digest":"4a0983c07325cd9c03791aea1df859024045012fd77a8dd93a41cf150075802f","integrity":"sha256-SgmDwHMlzZwDeRrqHfhZAkBFAS/Xeo3ZOkHPFQB1gC8="},"right_small_arrowHover-34984160a7f82e0b92a782166c6a9650822678596fa6ce2c533d412bdfc859fd.png":{"logical_path":"right_small_arrowHover.png","mtime":"2016-04-15T12:59:50-06:00","size":3033,"digest":"34984160a7f82e0b92a782166c6a9650822678596fa6ce2c533d412bdfc859fd","integrity":"sha256-NJhBYKf4LguSp4IWbGqWUIImeFlvps4sUz1BK9/IWf0="},"selectlayout_pb-de17626504edb5a44469cfbf2d98502750bbe2101f5e7516432835bb9c2e1f24.png":{"logical_path":"selectlayout_pb.png","mtime":"2016-04-15T12:59:50-06:00","size":3531,"digest":"de17626504edb5a44469cfbf2d98502750bbe2101f5e7516432835bb9c2e1f24","integrity":"sha256-3hdiZQTttaREac+/LZhQJ1C74hAfXnUWQyg1u5wuHyQ="},"selectlayout_pbs-04cd1f6b15860c1dc99a3ccadf8e2a8388f63a1ab55b53860f7cefedfaa3cf6b.png":{"logical_path":"selectlayout_pbs.png","mtime":"2016-04-15T12:59:50-06:00","size":3797,"digest":"04cd1f6b15860c1dc99a3ccadf8e2a8388f63a1ab55b53860f7cefedfaa3cf6b","integrity":"sha256-BM0faxWGDB3JmjzK344qg4j2Ohq1W1OGD3zv7fqjz2s="},"send_to_back-bb910afbc93f40940a5452769c6bbb8350c683f61b0204709e2451f5a2b5f072.png":{"logical_path":"send_to_back.png","mtime":"2016-04-15T12:59:50-06:00","size":3449,"digest":"bb910afbc93f40940a5452769c6bbb8350c683f61b0204709e2451f5a2b5f072","integrity":"sha256-u5EK+8k/QJQKVFJ2nGu7g1DGg/YbAgRwniRR9aK18HI="},"share_ads-8b179ef529455ff0e73becf9dd13c73c21494673edc0adbf8e3d87a8bcab6b52.png":{"logical_path":"share_ads.png","mtime":"2016-04-15T12:59:50-06:00","size":4237,"digest":"8b179ef529455ff0e73becf9dd13c73c21494673edc0adbf8e3d87a8bcab6b52","integrity":"sha256-ixee9SlFX/DnO+z53RPHPCFJRnPtwK2/jj2HqLyra1I="},"sprite-aristo-5c5acf5257e44aa6486305a48c4c042c332f327472c5143ce891e4235549dda3.png":{"logical_path":"sprite-aristo.png","mtime":"2016-04-15T12:59:50-06:00","size":16057,"digest":"5c5acf5257e44aa6486305a48c4c042c332f327472c5143ce891e4235549dda3","integrity":"sha256-XFrPUlfkSqZIYwWkjEwELDMvMnRyxRQ86JHkI1VJ3aM="},"application-8587dceabca19b1e5d2228c1e03de0305c6dc1dc4eab341fec9627f6279262a0.js":{"logical_path":"application.js","mtime":"2016-04-16T19:16:53-06:00","size":708784,"digest":"8587dceabca19b1e5d2228c1e03de0305c6dc1dc4eab341fec9627f6279262a0","integrity":"sha256-hYfc6ryhmx5dIijB4D3gMFxtwdxOqzQf7JYn9ieSYqA="},"application-7fc673264f0b4f8ff018d0464f60b98fd51d751e72a6a5cb3dda80802cb4d5b0.css":{"logical_path":"application.css","mtime":"2016-04-15T13:33:52-06:00","size":183450,"digest":"7fc673264f0b4f8ff018d0464f60b98fd51d751e72a6a5cb3dda80802cb4d5b0","integrity":"sha256-f8ZzJk8LT4/wGNBGT2C5j9UddR5ypqXLPdqAgCy01bA="}},"assets":{"adinfo_pb.png":"adinfo_pb-438ad7d57643432f9f4778d3e529cc1f195a844938e8b4b81c85832b5f720900.png","adinfo_pbs.png":"adinfo_pbs-fa502f556e1c4a2a3d479ea6babbd3f9b0c9ac92b5821d9f5fb8f61cc24195bc.png","adpreview_pb.png":"adpreview_pb-cb6f9b92b2513ad01f189cce2e8a1e1b969d55fa9ad471c9e36db3847b8f76dc.png","adpreview_pbs.png":"adpreview_pbs-c8a630f8e1f9f798a13b10d9485dda4c05bb26ad79e0a857719ead0b4760fa2a.png","adtype_pb.png":"adtype_pb-53b96ef85039381cd7d0b15eb7630eacf257a060bc0bd246df66978e098ce373.png","adtype_pbs.png":"adtype_pbs-4467b79066d31b6d3669f1acc2d9c5309c2be44e3312ce0c556c7aaec3917e66.png","bring_to_front.png":"bring_to_front-a8499d8d51b6d8145baf0bc05f4ea61c35d0bc46951fbb52a30ae72c50b1c425.png","btn-align-center-off.png":"btn-align-center-off-e07bbcdaf37704a0f2e12597ff02bed296754cbeec0667a6a910cb4bf116ec9c.png","btn-align-left-off.png":"btn-align-left-off-1677d90aa146ee43aacb8554d0f1d929eb0f65569b5141dad6db5f5645fa6ac4.png","btn-align-right-off.png":"btn-align-right-off-2ace44b3a60c5f87ebc9bf7e445e0c551db3e6873fb29742dc2ec77d4639a2e0.png","btn-bold-off.png":"btn-bold-off-f6eceb721dbcbc29ce5abc63ac424ebbc6ee4d8bbbc315323277e3d970912983.png","btn-italic-off.png":"btn-italic-off-cf2b289473ad9104f30087fb923fa97b198b1fd8ff533938bcb434a383db3510.png","btn-underline-off.png":"btn-underline-off-7d601ffa087ef5c12f7362c9581b5186a82bd1fe5e6b34519b91999bfb354e2a.png","car_default.png":"car_default-4d3ef56af4e5852c904f1745ec54b46f630bd965bc67794d335526eaee46cf6e.png","check.png":"check-ff1332cf7a508504a624fbab25e9f6314679c3d31aede1fab2cc024b24674f94.png","chk-login.png":"chk-login-31f30c2f6dceafe3aecb91c9cd0b85069083888dd7e67cafe81e02485eb0f307.png","chk-login_checked.png":"chk-login_checked-e3ae26faf714f5bac42396ec4ae5e7b6699bf3b29666f962acce2404e6a1013e.png","chosen-sprite-dark.png":"chosen-sprite-dark-8ebe31a654d6880a72f2151a6d22d66532a00a73f5f85ea7a61d6b5ee15db1fd.png","chosen-sprite.png":"chosen-sprite-8aa69ee6b2376505578d758bfbbc52aec88fa5e591f1a7cabd8adfa80a7b613a.png","chosen-sprite@2x.png":"chosen-sprite@2x-1e349b80fba8c23b63656925fda8dfe3c5927b5d0d8a1672143416caacf460fb.png","close-btn.png":"close-btn-5e3930e33978aad57522232b1441410b9bed3f0e0c01706e0ca8c474db1bca05.png","download_ads.png":"download_ads-8e96f2d52d366534c8d3b4201f3522eca4151629fb35e882807de9283ddeaa6d.png","l2t_white_logo.png":"l2t_white_logo-d5c6bb4d3b71519b4961e52f49134fba5510bddf6b4b2707a9db9feed7681a8d.png","left_arrow.png":"left_arrow-71d1aa705ef3cd043e3d87129a07b0ae998efa82cacd8b5ab5e6c29ce3a64cdb.png","left_small_arrow.png":"left_small_arrow-8408a467d5f051cc10c6f836b1134fe70abf7ea29cf5246ad4bd3a7b1cc74b4c.png","left_small_arrowHover.png":"left_small_arrowHover-932c33a90cbc48a4cb10ac9ea3e974bd27cb5b0b786eb747146d99e5d8dc222a.png","loading.GIF":"loading-47a5e5572c2104d36823333d6b124e50ded968eb3ac18ee3af2ed64819266f54.GIF","map_logo.png":"map_logo-e5fbf04505a2e7db86104a11bb9ae139f8fd26aa03a98ab9878890d6e743e91a.png","minus_edit-panel.png":"minus_edit-panel-1cfa14c3e816b96e3a2b6ce2454e819669e1144fabc29137ec753ec6c033b9db.png","move_backward.png":"move_backward-1408cec4b1952e793cb655532acf6f685abaa5b0f78a791386400be2c04cddaf.png","move_forward.png":"move_forward-a9b114c545082aa0147eb3fe6c3e566dedfdaa52e13c1775a469600df4c443ac.png","nudge-ui.png":"nudge-ui-26667d57a337cdfd370a8ebb4982c139d426c811c24d0fdb40420126257c6d0a.png","nudget_arrows_sprite.png":"nudget_arrows_sprite-1bd2b4d8fdb6a36c55658ec3909dde2f00820a66ee1bf13d0b9fc10b818f0ab9.png","pixel.png":"pixel-afe566ced00295aed32a613ba3033064e40636a2ba871c115f9529f20ae3535e.png","play-button.png":"play-button-265e3c8b13d1a116a7a8c1d3f298015cc945d16444ca1777eea06d79205dde71.png","plus_edit-panel.png":"plus_edit-panel-159c285e5ba13b5dc91cefca757fe0d70e8abacc0a518099cf8dc8ca99527c19.png","print_ads.png":"print_ads-014fd57834750b6e434d95cdf86ead6d7710b92547721a2fe1552fc8672272ea.png","publish_pb.png":"publish_pb-8ae9ff01f31d3daecc534b51833d5c635a43418e6f1f916e85259b6e4251a0bd.png","publish_pbs.png":"publish_pbs-00398f9248d8b1ab7235e2d9c260d48120b412dde638f04e166332a409db1efe.png","refresh-btn.png":"refresh-btn-f78a7d63b76961705a3e20a64cd1a0489572d776083b9e0b499defd1c156689f.png","right_arrow.png":"right_arrow-3a2b5be275d463f9d1da8cc4f3eec98c097928c0597b4c0b982df2ecc196e94a.png","right_small_arrow.png":"right_small_arrow-4a0983c07325cd9c03791aea1df859024045012fd77a8dd93a41cf150075802f.png","right_small_arrowHover.png":"right_small_arrowHover-34984160a7f82e0b92a782166c6a9650822678596fa6ce2c533d412bdfc859fd.png","selectlayout_pb.png":"selectlayout_pb-de17626504edb5a44469cfbf2d98502750bbe2101f5e7516432835bb9c2e1f24.png","selectlayout_pbs.png":"selectlayout_pbs-04cd1f6b15860c1dc99a3ccadf8e2a8388f63a1ab55b53860f7cefedfaa3cf6b.png","send_to_back.png":"send_to_back-bb910afbc93f40940a5452769c6bbb8350c683f61b0204709e2451f5a2b5f072.png","share_ads.png":"share_ads-8b179ef529455ff0e73becf9dd13c73c21494673edc0adbf8e3d87a8bcab6b52.png","sprite-aristo.png":"sprite-aristo-5c5acf5257e44aa6486305a48c4c042c332f327472c5143ce891e4235549dda3.png","application.js":"application-8587dceabca19b1e5d2228c1e03de0305c6dc1dc4eab341fec9627f6279262a0.js","application.css":"application-7fc673264f0b4f8ff018d0464f60b98fd51d751e72a6a5cb3dda80802cb4d5b0.css"}}